site,path,citations_sample
ailooplibrary.com,/,40
askthree.ai,/,48
askthree.ai,/blog/ai-hallucination-rate-real-numbers,39
askthree.ai,/blog/why-ai-models-give-different-answers,16
askthree.ai,/ai-hallucination-checker,6
heritagewhisper.com,/guides/family-legacy-preservation,406
heritagewhisper.com,/guides/questions-for-grandparents,369
heritagewhisper.com,/guides/questions-to-ask-dad,347
heritagewhisper.com,/guides/questions-to-ask-mom,201
heritagewhisper.com,/guides/save-old-photo-albums,198
heritagewhisper.com,/guides/recording-family-stories,166
heritagewhisper.com,/guides/recording-grandparents-stories,91
heritagewhisper.com,/guides/questions-to-ask-grandma,80
heritagewhisper.com,/guides/questions-to-ask-veteran,40
heritagewhisper.com,/guides/questions-to-ask-grandpa,25
heritagewhisper.com,/guides/questions-to-ask-uncle,23
heritagewhisper.com,/,18
heritagewhisper.com,/guides/questions-to-ask-aunt,15
heritagewhisper.com,/examples,10
heritagewhisper.com,/alternatives/free-story-apps,10
meritplaybook.com,/guides/what-happened-to-going-merry,1400
meritplaybook.com,/colleges/ole-miss/merit-aid,530
meritplaybook.com,/guides/automatic-merit-scholarships,414
meritplaybook.com,/colleges,311
meritplaybook.com,/colleges/troy-university/merit-aid,198
meritplaybook.com,/colleges/auburn/merit-aid,196
meritplaybook.com,/colleges/case-western/merit-aid,156
meritplaybook.com,/colleges/alabama/merit-aid,129
meritplaybook.com,/colleges/western-governors-university/merit-aid,123
meritplaybook.com,/guides/outside-scholarship-displacement/outside-scholarship-reporting-rules,103
meritplaybook.com,/colleges/northwestern/merit-aid,103
meritplaybook.com,/colleges/ohio-university/merit-aid,103
meritplaybook.com,/colleges/texas-state-university/merit-aid,87
meritplaybook.com,/colleges/the-university-of-texas-at-el-paso/merit-aid,73
meritplaybook.com,/colleges/texas-am/merit-aid,70
meritplaybook.com,/colleges/lsu/merit-aid,66
meritplaybook.com,/colleges/fordham/merit-aid,66
meritplaybook.com,/colleges/liberty-university-online/merit-aid,65
meritplaybook.com,/colleges/arizona/merit-aid,65
meritplaybook.com,/colleges/oklahoma/merit-aid,64
meritplaybook.com,/best-sec-colleges-for-merit-aid,53
meritplaybook.com,/colleges/quinnipiac-university/merit-aid,51
meritplaybook.com,/colleges/university-of-texas-at-austin/merit-aid,50
meritplaybook.com,/colleges/liberty/merit-aid,49
meritplaybook.com,/colleges/kentucky/merit-aid,48
paultakisaki.com,/insights/invisible-resume.html,23
thefinalsloadout.com,/meta-weapons,8800
thefinalsloadout.com,/season-11,3200
thefinalsloadout.com,/patch-notes,1000
thefinalsloadout.com,/loadouts,1000
thefinalsloadout.com,/wt-progress,860
thefinalsloadout.com,/loadouts/light,417
thefinalsloadout.com,/,383
thefinalsloadout.com,/loadouts/medium,221
thefinalsloadout.com,/gadgets,106
thefinalsloadout.com,/sights,93
thefinalsloadout.com,/loadouts/heavy,76
thefinalsloadout.com,/specializations,67
thefinalsloadout.com,/ttk,56
thefinalsloadout.com,/counters,48
thefinalsloadout.com,/weapons/shak-50,45
thefinalsloadout.com,/weapons/lewis-gun,23
thefinalsloadout.com,/weapons/p90,15
thefinalsloadout.com,/ragequit,14
thefinalsloadout.com,/weapons/famas,11
thefinalsloadout.com,/weapons/v9s,10
